TIMESTAMP,ACCOUNT_ID,CONSUMPTION,UNITS
2014-12-14 00:00:00-08,9f9c8098-2073-e559-a9e4-71b6dc96d920,52.0,CF
2014-12-14 00:00:00-08,19b7abd7-62e9-a02e-245e-560262278c6c,139.0,CF
2014-12-14 00:00:00-08,45cf045a-b61e-aaf9-f6b1-f896794c8a84,760.0,CF
2014-12-14 00:00:00-08,54f962a1-bd97-593d-b502-2079c72d922b,45.0,CF
2014-12-14 00:00:00-08,9b6a026f-ddeb-81be-5777-39a41823d602,109.0,CF
2014-12-14 00:00:00-08,f21b6cf3-af2e-7790-56d1-a66176c3ddad,318.0,CF
2014-12-14 00:00:00-08,7c332956-dbe9-fc36-2e39-e7b33f7ebe02,12.0,CF
2014-12-14 00:00:00-08,707f7886-a789-866e-d143-9659a90cbe33,29.0,CF
2014-12-14 00:00:00-08,079b6bbd-e1c5-6901-6ba2-b865ffc8ef18,756.0,CF
2014-12-14 00:00:00-08,909ba632-9e36-bcb1-4920-f82ffe295326,72.0,CF
2014-12-14 00:00:00-08,2319a0db-dbe4-f32e-1fd0-d45d55673c1e,1065.0,CF
2014-12-14 00:00:00-08,9e8007f6-0798-9125-9361-019677794383,46.0,CF
2014-12-14 00:00:00-08,5e8d49f8-2e2b-7117-b230-eb85805cd986,289.0,CF
2014-12-21 00:00:00-08,5e8d49f8-2e2b-7117-b230-eb85805cd986,106.0,CF
2014-12-21 00:00:00-08,2319a0db-dbe4-f32e-1fd0-d45d55673c1e,254.0,CF
2014-12-21 00:00:00-08,9e8007f6-0798-9125-9361-019677794383,58.0,CF
2014-12-21 00:00:00-08,079b6bbd-e1c5-6901-6ba2-b865ffc8ef18,343.0,CF
2014-12-21 00:00:00-08,9b6a026f-ddeb-81be-5777-39a41823d602,59.0,CF
2014-12-21 00:00:00-08,54f962a1-bd97-593d-b502-2079c72d922b,91.0,CF
2014-12-21 00:00:00-08,9f9c8098-2073-e559-a9e4-71b6dc96d920,93.0,CF
2014-12-21 00:00:00-08,707f7886-a789-866e-d143-9659a90cbe33,26.0,CF
2014-12-21 00:00:00-08,19b7abd7-62e9-a02e-245e-560262278c6c,89.0,CF
2014-12-21 00:00:00-08,45cf045a-b61e-aaf9-f6b1-f896794c8a84,201.0,CF
2014-12-21 00:00:00-08,909ba632-9e36-bcb1-4920-f82ffe295326,102.0,CF
2014-12-21 00:00:00-08,f21b6cf3-af2e-7790-56d1-a66176c3ddad,92.0,CF
2014-12-21 00:00:00-08,7c332956-dbe9-fc36-2e39-e7b33f7ebe02,90.0,CF
2014-12-28 00:00:00-08,707f7886-a789-866e-d143-9659a90cbe33,30.0,CF
2014-12-28 00:00:00-08,5e8d49f8-2e2b-7117-b230-eb85805cd986,109.0,CF
2014-12-28 00:00:00-08,9f9c8098-2073-e559-a9e4-71b6dc96d920,110.0,CF
2014-12-28 00:00:00-08,9b6a026f-ddeb-81be-5777-39a41823d602,107.0,CF
2014-12-28 00:00:00-08,909ba632-9e36-bcb1-4920-f82ffe295326,122.0,CF
2014-12-28 00:00:00-08,7c332956-dbe9-fc36-2e39-e7b33f7ebe02,71.0,CF
2014-12-28 00:00:00-08,2319a0db-dbe4-f32e-1fd0-d45d55673c1e,310.0,CF
2014-12-28 00:00:00-08,54f962a1-bd97-593d-b502-2079c72d922b,106.0,CF
2014-12-28 00:00:00-08,f21b6cf3-af2e-7790-56d1-a66176c3ddad,266.0,CF
2014-12-28 00:00:00-08,9e8007f6-0798-9125-9361-019677794383,61.0,CF
2014-12-28 00:00:00-08,079b6bbd-e1c5-6901-6ba2-b865ffc8ef18,274.0,CF
2014-12-28 00:00:00-08,19b7abd7-62e9-a02e-245e-560262278c6c,88.0,CF
2014-12-28 00:00:00-08,45cf045a-b61e-aaf9-f6b1-f896794c8a84,184.0,CF
2015-01-04 00:00:00-08,f21b6cf3-af2e-7790-56d1-a66176c3ddad,196.0,CF
2015-01-04 00:00:00-08,54f962a1-bd97-593d-b502-2079c72d922b,87.0,CF
2015-01-04 00:00:00-08,9f9c8098-2073-e559-a9e4-71b6dc96d920,147.0,CF
2015-01-04 00:00:00-08,5e8d49f8-2e2b-7117-b230-eb85805cd986,115.0,CF
2015-01-04 00:00:00-08,909ba632-9e36-bcb1-4920-f82ffe295326,76.0,CF
2015-01-04 00:00:00-08,079b6bbd-e1c5-6901-6ba2-b865ffc8ef18,157.0,CF
2015-01-04 00:00:00-08,2319a0db-dbe4-f32e-1fd0-d45d55673c1e,250.0,CF
2015-01-04 00:00:00-08,9b6a026f-ddeb-81be-5777-39a41823d602,120.0,CF
2015-01-04 00:00:00-08,707f7886-a789-866e-d143-9659a90cbe33,32.0,CF
2015-01-04 00:00:00-08,9e8007f6-0798-9125-9361-019677794383,55.0,CF
2015-01-04 00:00:00-08,45cf045a-b61e-aaf9-f6b1-f896794c8a84,183.0,CF
2015-01-04 00:00:00-08,7c332956-dbe9-fc36-2e39-e7b33f7ebe02,48.0,CF
2015-01-04 00:00:00-08,19b7abd7-62e9-a02e-245e-560262278c6c,93.0,CF
2015-01-11 00:00:00-08,9e8007f6-0798-9125-9361-019677794383,61.0,CF
2015-01-11 00:00:00-08,45cf045a-b61e-aaf9-f6b1-f896794c8a84,180.0,CF
2015-01-11 00:00:00-08,f21b6cf3-af2e-7790-56d1-a66176c3ddad,102.0,CF
2015-01-11 00:00:00-08,19b7abd7-62e9-a02e-245e-560262278c6c,86.0,CF
2015-01-11 00:00:00-08,54f962a1-bd97-593d-b502-2079c72d922b,71.0,CF
2015-01-11 00:00:00-08,7c332956-dbe9-fc36-2e39-e7b33f7ebe02,55.0,CF
2015-01-11 00:00:00-08,9f9c8098-2073-e559-a9e4-71b6dc96d920,139.0,CF
2015-01-11 00:00:00-08,2319a0db-dbe4-f32e-1fd0-d45d55673c1e,232.0,CF
2015-01-11 00:00:00-08,5e8d49f8-2e2b-7117-b230-eb85805cd986,49.0,CF
2015-01-11 00:00:00-08,909ba632-9e36-bcb1-4920-f82ffe295326,145.0,CF
2015-01-11 00:00:00-08,9b6a026f-ddeb-81be-5777-39a41823d602,105.0,CF
2015-01-11 00:00:00-08,707f7886-a789-866e-d143-9659a90cbe33,33.0,CF
2015-01-11 00:00:00-08,079b6bbd-e1c5-6901-6ba2-b865ffc8ef18,107.0,CF
2015-01-18 00:00:00-08,54f962a1-bd97-593d-b502-2079c72d922b,75.0,CF
2015-01-18 00:00:00-08,707f7886-a789-866e-d143-9659a90cbe33,33.0,CF
2015-01-18 00:00:00-08,9f9c8098-2073-e559-a9e4-71b6dc96d920,115.0,CF
2015-01-18 00:00:00-08,9e8007f6-0798-9125-9361-019677794383,56.0,CF
2015-01-18 00:00:00-08,2319a0db-dbe4-f32e-1fd0-d45d55673c1e,271.0,CF
2015-01-18 00:00:00-08,f21b6cf3-af2e-7790-56d1-a66176c3ddad,136.0,CF
2015-01-18 00:00:00-08,19b7abd7-62e9-a02e-245e-560262278c6c,94.0,CF
2015-01-18 00:00:00-08,079b6bbd-e1c5-6901-6ba2-b865ffc8ef18,97.0,CF
2015-01-18 00:00:00-08,7c332956-dbe9-fc36-2e39-e7b33f7ebe02,58.0,CF
2015-01-18 00:00:00-08,45cf045a-b61e-aaf9-f6b1-f896794c8a84,207.0,CF
2015-01-18 00:00:00-08,9b6a026f-ddeb-81be-5777-39a41823d602,118.0,CF
2015-01-18 00:00:00-08,5e8d49f8-2e2b-7117-b230-eb85805cd986,0.0,CF
2015-01-18 00:00:00-08,909ba632-9e36-bcb1-4920-f82ffe295326,158.0,CF
2015-01-25 00:00:00-08,19b7abd7-62e9-a02e-245e-560262278c6c,107.0,CF
2015-01-25 00:00:00-08,f21b6cf3-af2e-7790-56d1-a66176c3ddad,141.0,CF
2015-01-25 00:00:00-08,45cf045a-b61e-aaf9-f6b1-f896794c8a84,189.0,CF
2015-01-25 00:00:00-08,079b6bbd-e1c5-6901-6ba2-b865ffc8ef18,228.0,CF
2015-01-25 00:00:00-08,9f9c8098-2073-e559-a9e4-71b6dc96d920,128.0,CF
2015-01-25 00:00:00-08,2319a0db-dbe4-f32e-1fd0-d45d55673c1e,263.0,CF
2015-01-25 00:00:00-08,9e8007f6-0798-9125-9361-019677794383,56.0,CF
2015-01-25 00:00:00-08,909ba632-9e36-bcb1-4920-f82ffe295326,132.0,CF
2015-01-25 00:00:00-08,9b6a026f-ddeb-81be-5777-39a41823d602,131.0,CF
2015-01-25 00:00:00-08,5e8d49f8-2e2b-7117-b230-eb85805cd986,59.0,CF
2015-01-25 00:00:00-08,707f7886-a789-866e-d143-9659a90cbe33,23.0,CF
2015-01-25 00:00:00-08,54f962a1-bd97-593d-b502-2079c72d922b,73.0,CF
2015-01-25 00:00:00-08,7c332956-dbe9-fc36-2e39-e7b33f7ebe02,61.0,CF
2015-02-01 00:00:00-08,7c332956-dbe9-fc36-2e39-e7b33f7ebe02,42.0,CF
2015-02-01 00:00:00-08,9b6a026f-ddeb-81be-5777-39a41823d602,96.0,CF
2015-02-01 00:00:00-08,54f962a1-bd97-593d-b502-2079c72d922b,82.0,CF
2015-02-01 00:00:00-08,f21b6cf3-af2e-7790-56d1-a66176c3ddad,121.0,CF
2015-02-01 00:00:00-08,19b7abd7-62e9-a02e-245e-560262278c6c,114.0,CF
2015-02-01 00:00:00-08,2319a0db-dbe4-f32e-1fd0-d45d55673c1e,285.0,CF
2015-02-01 00:00:00-08,45cf045a-b61e-aaf9-f6b1-f896794c8a84,200.0,CF
2015-02-01 00:00:00-08,9e8007f6-0798-9125-9361-019677794383,57.0,CF
2015-02-01 00:00:00-08,909ba632-9e36-bcb1-4920-f82ffe295326,139.0,CF
2015-02-01 00:00:00-08,9f9c8098-2073-e559-a9e4-71b6dc96d920,152.0,CF
2015-02-01 00:00:00-08,5e8d49f8-2e2b-7117-b230-eb85805cd986,141.0,CF
2015-02-01 00:00:00-08,707f7886-a789-866e-d143-9659a90cbe33,25.0,CF
2015-02-01 00:00:00-08,079b6bbd-e1c5-6901-6ba2-b865ffc8ef18,164.0,CF
2015-02-08 00:00:00-08,9b6a026f-ddeb-81be-5777-39a41823d602,80.0,CF
2015-02-08 00:00:00-08,2319a0db-dbe4-f32e-1fd0-d45d55673c1e,276.0,CF
2015-02-08 00:00:00-08,f21b6cf3-af2e-7790-56d1-a66176c3ddad,160.0,CF
2015-02-08 00:00:00-08,54f962a1-bd97-593d-b502-2079c72d922b,80.0,CF
2015-02-08 00:00:00-08,9f9c8098-2073-e559-a9e4-71b6dc96d920,195.0,CF
2015-02-08 00:00:00-08,19b7abd7-62e9-a02e-245e-560262278c6c,83.0,CF
2015-02-08 00:00:00-08,707f7886-a789-866e-d143-9659a90cbe33,28.0,CF
2015-02-08 00:00:00-08,079b6bbd-e1c5-6901-6ba2-b865ffc8ef18,82.0,CF
2015-02-08 00:00:00-08,9e8007f6-0798-9125-9361-019677794383,86.0,CF
2015-02-08 00:00:00-08,909ba632-9e36-bcb1-4920-f82ffe295326,140.0,CF
2015-02-08 00:00:00-08,5e8d49f8-2e2b-7117-b230-eb85805cd986,133.0,CF
2015-02-08 00:00:00-08,45cf045a-b61e-aaf9-f6b1-f896794c8a84,194.0,CF
2015-02-08 00:00:00-08,7c332956-dbe9-fc36-2e39-e7b33f7ebe02,46.0,CF
2015-02-15 00:00:00-08,9e8007f6-0798-9125-9361-019677794383,80.0,CF
2015-02-15 00:00:00-08,5e8d49f8-2e2b-7117-b230-eb85805cd986,103.0,CF
2015-02-15 00:00:00-08,2319a0db-dbe4-f32e-1fd0-d45d55673c1e,268.0,CF
2015-02-15 00:00:00-08,079b6bbd-e1c5-6901-6ba2-b865ffc8ef18,99.0,CF
2015-02-15 00:00:00-08,7c332956-dbe9-fc36-2e39-e7b33f7ebe02,54.0,CF
2015-02-15 00:00:00-08,9f9c8098-2073-e559-a9e4-71b6dc96d920,101.0,CF
2015-02-15 00:00:00-08,19b7abd7-62e9-a02e-245e-560262278c6c,84.0,CF
2015-02-15 00:00:00-08,f21b6cf3-af2e-7790-56d1-a66176c3ddad,142.0,CF
2015-02-15 00:00:00-08,707f7886-a789-866e-d143-9659a90cbe33,36.0,CF
2015-02-15 00:00:00-08,45cf045a-b61e-aaf9-f6b1-f896794c8a84,203.0,CF
2015-02-15 00:00:00-08,909ba632-9e36-bcb1-4920-f82ffe295326,86.0,CF
2015-02-15 00:00:00-08,9b6a026f-ddeb-81be-5777-39a41823d602,119.0,CF
2015-02-15 00:00:00-08,54f962a1-bd97-593d-b502-2079c72d922b,89.0,CF
2015-02-22 00:00:00-08,45cf045a-b61e-aaf9-f6b1-f896794c8a84,215.0,CF
2015-02-22 00:00:00-08,f21b6cf3-af2e-7790-56d1-a66176c3ddad,184.0,CF
2015-02-22 00:00:00-08,19b7abd7-62e9-a02e-245e-560262278c6c,104.0,CF
2015-02-22 00:00:00-08,9f9c8098-2073-e559-a9e4-71b6dc96d920,156.0,CF
2015-02-22 00:00:00-08,9b6a026f-ddeb-81be-5777-39a41823d602,107.0,CF
2015-02-22 00:00:00-08,2319a0db-dbe4-f32e-1fd0-d45d55673c1e,237.0,CF
2015-02-22 00:00:00-08,707f7886-a789-866e-d143-9659a90cbe33,37.0,CF
2015-02-22 00:00:00-08,9e8007f6-0798-9125-9361-019677794383,59.0,CF
2015-02-22 00:00:00-08,079b6bbd-e1c5-6901-6ba2-b865ffc8ef18,139.0,CF
2015-02-22 00:00:00-08,909ba632-9e36-bcb1-4920-f82ffe295326,171.0,CF
2015-02-22 00:00:00-08,7c332956-dbe9-fc36-2e39-e7b33f7ebe02,43.0,CF
2015-02-22 00:00:00-08,54f962a1-bd97-593d-b502-2079c72d922b,105.0,CF
2015-02-22 00:00:00-08,5e8d49f8-2e2b-7117-b230-eb85805cd986,78.0,CF
2015-03-01 00:00:00-08,9f9c8098-2073-e559-a9e4-71b6dc96d920,168.0,CF
2015-03-01 00:00:00-08,9e8007f6-0798-9125-9361-019677794383,65.0,CF
2015-03-01 00:00:00-08,45cf045a-b61e-aaf9-f6b1-f896794c8a84,195.0,CF
2015-03-01 00:00:00-08,079b6bbd-e1c5-6901-6ba2-b865ffc8ef18,103.0,CF
2015-03-01 00:00:00-08,54f962a1-bd97-593d-b502-2079c72d922b,112.0,CF
2015-03-01 00:00:00-08,707f7886-a789-866e-d143-9659a90cbe33,24.0,CF
2015-03-01 00:00:00-08,2319a0db-dbe4-f32e-1fd0-d45d55673c1e,195.0,CF
2015-03-01 00:00:00-08,9b6a026f-ddeb-81be-5777-39a41823d602,50.0,CF
2015-03-01 00:00:00-08,f21b6cf3-af2e-7790-56d1-a66176c3ddad,141.0,CF
2015-03-01 00:00:00-08,909ba632-9e36-bcb1-4920-f82ffe295326,148.0,CF
2015-03-01 00:00:00-08,5e8d49f8-2e2b-7117-b230-eb85805cd986,123.0,CF
2015-03-01 00:00:00-08,19b7abd7-62e9-a02e-245e-560262278c6c,39.0,CF
2015-03-01 00:00:00-08,7c332956-dbe9-fc36-2e39-e7b33f7ebe02,42.0,CF
2015-03-08 00:00:00-08,9f9c8098-2073-e559-a9e4-71b6dc96d920,175.0,CF
2015-03-08 00:00:00-08,707f7886-a789-866e-d143-9659a90cbe33,28.0,CF
2015-03-08 00:00:00-08,54f962a1-bd97-593d-b502-2079c72d922b,114.0,CF
2015-03-08 00:00:00-08,19b7abd7-62e9-a02e-245e-560262278c6c,16.0,CF
2015-03-08 00:00:00-08,f21b6cf3-af2e-7790-56d1-a66176c3ddad,151.0,CF
2015-03-08 00:00:00-08,9e8007f6-0798-9125-9361-019677794383,94.0,CF
2015-03-08 00:00:00-08,909ba632-9e36-bcb1-4920-f82ffe295326,133.0,CF
2015-03-08 00:00:00-08,45cf045a-b61e-aaf9-f6b1-f896794c8a84,211.0,CF
2015-03-08 00:00:00-08,7c332956-dbe9-fc36-2e39-e7b33f7ebe02,110.0,CF
2015-03-08 00:00:00-08,079b6bbd-e1c5-6901-6ba2-b865ffc8ef18,124.0,CF
2015-03-08 00:00:00-08,2319a0db-dbe4-f32e-1fd0-d45d55673c1e,231.0,CF
2015-03-08 00:00:00-08,5e8d49f8-2e2b-7117-b230-eb85805cd986,123.0,CF
2015-03-08 00:00:00-08,9b6a026f-ddeb-81be-5777-39a41823d602,134.0,CF
2015-03-15 00:00:00-07,9f9c8098-2073-e559-a9e4-71b6dc96d920,114.0,CF
2015-03-15 00:00:00-07,707f7886-a789-866e-d143-9659a90cbe33,26.0,CF
2015-03-15 00:00:00-07,45cf045a-b61e-aaf9-f6b1-f896794c8a84,195.0,CF
2015-03-15 00:00:00-07,7c332956-dbe9-fc36-2e39-e7b33f7ebe02,235.0,CF
2015-03-15 00:00:00-07,909ba632-9e36-bcb1-4920-f82ffe295326,160.0,CF
2015-03-15 00:00:00-07,5e8d49f8-2e2b-7117-b230-eb85805cd986,106.0,CF
2015-03-15 00:00:00-07,2319a0db-dbe4-f32e-1fd0-d45d55673c1e,270.0,CF
2015-03-15 00:00:00-07,19b7abd7-62e9-a02e-245e-560262278c6c,34.0,CF
2015-03-15 00:00:00-07,f21b6cf3-af2e-7790-56d1-a66176c3ddad,165.0,CF
2015-03-15 00:00:00-07,079b6bbd-e1c5-6901-6ba2-b865ffc8ef18,278.0,CF
2015-03-15 00:00:00-07,9b6a026f-ddeb-81be-5777-39a41823d602,144.0,CF
2015-03-15 00:00:00-07,54f962a1-bd97-593d-b502-2079c72d922b,98.0,CF
2015-03-15 00:00:00-07,9e8007f6-0798-9125-9361-019677794383,65.0,CF
2015-03-22 00:00:00-07,9b6a026f-ddeb-81be-5777-39a41823d602,126.0,CF
2015-03-22 00:00:00-07,909ba632-9e36-bcb1-4920-f82ffe295326,100.0,CF
2015-03-22 00:00:00-07,5e8d49f8-2e2b-7117-b230-eb85805cd986,81.0,CF
2015-03-22 00:00:00-07,f21b6cf3-af2e-7790-56d1-a66176c3ddad,130.0,CF
2015-03-22 00:00:00-07,19b7abd7-62e9-a02e-245e-560262278c6c,16.0,CF
2015-03-22 00:00:00-07,54f962a1-bd97-593d-b502-2079c72d922b,184.0,CF
2015-03-22 00:00:00-07,9f9c8098-2073-e559-a9e4-71b6dc96d920,166.0,CF
2015-03-22 00:00:00-07,9e8007f6-0798-9125-9361-019677794383,58.0,CF
2015-03-22 00:00:00-07,2319a0db-dbe4-f32e-1fd0-d45d55673c1e,253.0,CF
2015-03-22 00:00:00-07,7c332956-dbe9-fc36-2e39-e7b33f7ebe02,180.0,CF
2015-03-22 00:00:00-07,45cf045a-b61e-aaf9-f6b1-f896794c8a84,211.0,CF
2015-03-22 00:00:00-07,707f7886-a789-866e-d143-9659a90cbe33,33.0,CF
2015-03-22 00:00:00-07,079b6bbd-e1c5-6901-6ba2-b865ffc8ef18,285.0,CF
2015-03-29 00:00:00-07,079b6bbd-e1c5-6901-6ba2-b865ffc8ef18,226.0,CF
2015-03-29 00:00:00-07,9b6a026f-ddeb-81be-5777-39a41823d602,143.0,CF
2015-03-29 00:00:00-07,707f7886-a789-866e-d143-9659a90cbe33,29.0,CF
2015-03-29 00:00:00-07,9e8007f6-0798-9125-9361-019677794383,67.0,CF
2015-03-29 00:00:00-07,7c332956-dbe9-fc36-2e39-e7b33f7ebe02,140.0,CF
2015-03-29 00:00:00-07,909ba632-9e36-bcb1-4920-f82ffe295326,57.0,CF
2015-03-29 00:00:00-07,45cf045a-b61e-aaf9-f6b1-f896794c8a84,161.0,CF
2015-03-29 00:00:00-07,5e8d49f8-2e2b-7117-b230-eb85805cd986,121.0,CF
2015-03-29 00:00:00-07,54f962a1-bd97-593d-b502-2079c72d922b,117.0,CF
2015-03-29 00:00:00-07,f21b6cf3-af2e-7790-56d1-a66176c3ddad,138.0,CF
2015-03-29 00:00:00-07,19b7abd7-62e9-a02e-245e-560262278c6c,5.0,CF
2015-03-29 00:00:00-07,9f9c8098-2073-e559-a9e4-71b6dc96d920,154.0,CF
2015-03-29 00:00:00-07,2319a0db-dbe4-f32e-1fd0-d45d55673c1e,293.0,CF
2015-04-05 00:00:00-07,54f962a1-bd97-593d-b502-2079c72d922b,76.0,CF
2015-04-05 00:00:00-07,7c332956-dbe9-fc36-2e39-e7b33f7ebe02,67.0,CF
2015-04-05 00:00:00-07,f21b6cf3-af2e-7790-56d1-a66176c3ddad,134.0,CF
2015-04-05 00:00:00-07,45cf045a-b61e-aaf9-f6b1-f896794c8a84,185.0,CF
2015-04-05 00:00:00-07,9e8007f6-0798-9125-9361-019677794383,73.0,CF
2015-04-05 00:00:00-07,079b6bbd-e1c5-6901-6ba2-b865ffc8ef18,261.0,CF
2015-04-05 00:00:00-07,5e8d49f8-2e2b-7117-b230-eb85805cd986,84.0,CF
2015-04-05 00:00:00-07,707f7886-a789-866e-d143-9659a90cbe33,28.0,CF
2015-04-05 00:00:00-07,9f9c8098-2073-e559-a9e4-71b6dc96d920,146.0,CF
2015-04-05 00:00:00-07,2319a0db-dbe4-f32e-1fd0-d45d55673c1e,306.0,CF
2015-04-05 00:00:00-07,9b6a026f-ddeb-81be-5777-39a41823d602,154.0,CF
2015-04-05 00:00:00-07,19b7abd7-62e9-a02e-245e-560262278c6c,39.0,CF
2015-04-05 00:00:00-07,909ba632-9e36-bcb1-4920-f82ffe295326,144.0,CF
2015-04-12 00:00:00-07,9b6a026f-ddeb-81be-5777-39a41823d602,111.0,CF
2015-04-12 00:00:00-07,45cf045a-b61e-aaf9-f6b1-f896794c8a84,195.0,CF
2015-04-12 00:00:00-07,9e8007f6-0798-9125-9361-019677794383,67.0,CF
2015-04-12 00:00:00-07,707f7886-a789-866e-d143-9659a90cbe33,41.0,CF
2015-04-12 00:00:00-07,909ba632-9e36-bcb1-4920-f82ffe295326,161.0,CF
2015-04-12 00:00:00-07,54f962a1-bd97-593d-b502-2079c72d922b,89.0,CF
2015-04-12 00:00:00-07,079b6bbd-e1c5-6901-6ba2-b865ffc8ef18,244.0,CF
2015-04-12 00:00:00-07,f21b6cf3-af2e-7790-56d1-a66176c3ddad,161.0,CF
2015-04-12 00:00:00-07,19b7abd7-62e9-a02e-245e-560262278c6c,59.0,CF
2015-04-12 00:00:00-07,7c332956-dbe9-fc36-2e39-e7b33f7ebe02,238.0,CF
2015-04-12 00:00:00-07,5e8d49f8-2e2b-7117-b230-eb85805cd986,94.0,CF
2015-04-12 00:00:00-07,2319a0db-dbe4-f32e-1fd0-d45d55673c1e,299.0,CF
2015-04-12 00:00:00-07,9f9c8098-2073-e559-a9e4-71b6dc96d920,191.0,CF
2015-04-19 00:00:00-07,079b6bbd-e1c5-6901-6ba2-b865ffc8ef18,189.0,CF
2015-04-19 00:00:00-07,45cf045a-b61e-aaf9-f6b1-f896794c8a84,144.0,CF
2015-04-19 00:00:00-07,9e8007f6-0798-9125-9361-019677794383,63.0,CF
2015-04-19 00:00:00-07,909ba632-9e36-bcb1-4920-f82ffe295326,161.0,CF
2015-04-19 00:00:00-07,f21b6cf3-af2e-7790-56d1-a66176c3ddad,181.0,CF
2015-04-19 00:00:00-07,19b7abd7-62e9-a02e-245e-560262278c6c,83.0,CF
2015-04-19 00:00:00-07,54f962a1-bd97-593d-b502-2079c72d922b,74.0,CF
2015-04-19 00:00:00-07,9b6a026f-ddeb-81be-5777-39a41823d602,98.0,CF
2015-04-19 00:00:00-07,9f9c8098-2073-e559-a9e4-71b6dc96d920,140.0,CF
2015-04-19 00:00:00-07,707f7886-a789-866e-d143-9659a90cbe33,32.0,CF
2015-04-19 00:00:00-07,5e8d49f8-2e2b-7117-b230-eb85805cd986,78.0,CF
2015-04-19 00:00:00-07,2319a0db-dbe4-f32e-1fd0-d45d55673c1e,231.0,CF
2015-04-19 00:00:00-07,7c332956-dbe9-fc36-2e39-e7b33f7ebe02,155.0,CF
2015-04-26 00:00:00-07,19b7abd7-62e9-a02e-245e-560262278c6c,57.0,CF
2015-04-26 00:00:00-07,909ba632-9e36-bcb1-4920-f82ffe295326,171.0,CF
2015-04-26 00:00:00-07,5e8d49f8-2e2b-7117-b230-eb85805cd986,98.0,CF
2015-04-26 00:00:00-07,7c332956-dbe9-fc36-2e39-e7b33f7ebe02,153.0,CF
2015-04-26 00:00:00-07,079b6bbd-e1c5-6901-6ba2-b865ffc8ef18,290.0,CF
2015-04-26 00:00:00-07,9f9c8098-2073-e559-a9e4-71b6dc96d920,185.0,CF
2015-04-26 00:00:00-07,2319a0db-dbe4-f32e-1fd0-d45d55673c1e,258.0,CF
2015-04-26 00:00:00-07,9e8007f6-0798-9125-9361-019677794383,56.0,CF
2015-04-26 00:00:00-07,9b6a026f-ddeb-81be-5777-39a41823d602,67.0,CF
2015-04-26 00:00:00-07,f21b6cf3-af2e-7790-56d1-a66176c3ddad,142.0,CF
2015-04-26 00:00:00-07,707f7886-a789-866e-d143-9659a90cbe33,40.0,CF
2015-04-26 00:00:00-07,54f962a1-bd97-593d-b502-2079c72d922b,113.0,CF
2015-04-26 00:00:00-07,45cf045a-b61e-aaf9-f6b1-f896794c8a84,190.0,CF
2015-05-03 00:00:00-07,54f962a1-bd97-593d-b502-2079c72d922b,117.0,CF
2015-05-03 00:00:00-07,19b7abd7-62e9-a02e-245e-560262278c6c,61.0,CF
2015-05-03 00:00:00-07,9f9c8098-2073-e559-a9e4-71b6dc96d920,149.0,CF
2015-05-03 00:00:00-07,2319a0db-dbe4-f32e-1fd0-d45d55673c1e,309.0,CF
2015-05-03 00:00:00-07,45cf045a-b61e-aaf9-f6b1-f896794c8a84,151.0,CF
2015-05-03 00:00:00-07,7c332956-dbe9-fc36-2e39-e7b33f7ebe02,198.0,CF
2015-05-03 00:00:00-07,909ba632-9e36-bcb1-4920-f82ffe295326,190.0,CF
2015-05-03 00:00:00-07,5e8d49f8-2e2b-7117-b230-eb85805cd986,116.0,CF
2015-05-03 00:00:00-07,9e8007f6-0798-9125-9361-019677794383,73.0,CF
2015-05-03 00:00:00-07,079b6bbd-e1c5-6901-6ba2-b865ffc8ef18,201.0,CF
2015-05-03 00:00:00-07,707f7886-a789-866e-d143-9659a90cbe33,40.0,CF
2015-05-03 00:00:00-07,9b6a026f-ddeb-81be-5777-39a41823d602,88.0,CF
2015-05-03 00:00:00-07,f21b6cf3-af2e-7790-56d1-a66176c3ddad,221.0,CF
2015-05-10 00:00:00-07,9b6a026f-ddeb-81be-5777-39a41823d602,105.0,CF
2015-05-10 00:00:00-07,5e8d49f8-2e2b-7117-b230-eb85805cd986,109.0,CF
2015-05-10 00:00:00-07,909ba632-9e36-bcb1-4920-f82ffe295326,202.0,CF
2015-05-10 00:00:00-07,2319a0db-dbe4-f32e-1fd0-d45d55673c1e,262.0,CF
2015-05-10 00:00:00-07,7c332956-dbe9-fc36-2e39-e7b33f7ebe02,302.0,CF
2015-05-10 00:00:00-07,54f962a1-bd97-593d-b502-2079c72d922b,72.0,CF
2015-05-10 00:00:00-07,707f7886-a789-866e-d143-9659a90cbe33,48.0,CF
2015-05-10 00:00:00-07,9e8007f6-0798-9125-9361-019677794383,84.0,CF
2015-05-10 00:00:00-07,079b6bbd-e1c5-6901-6ba2-b865ffc8ef18,265.0,CF
2015-05-10 00:00:00-07,f21b6cf3-af2e-7790-56d1-a66176c3ddad,236.0,CF
2015-05-10 00:00:00-07,9f9c8098-2073-e559-a9e4-71b6dc96d920,136.0,CF
2015-05-10 00:00:00-07,19b7abd7-62e9-a02e-245e-560262278c6c,66.0,CF
2015-05-10 00:00:00-07,45cf045a-b61e-aaf9-f6b1-f896794c8a84,131.0,CF
2015-05-17 00:00:00-07,7c332956-dbe9-fc36-2e39-e7b33f7ebe02,159.0,CF
2015-05-17 00:00:00-07,707f7886-a789-866e-d143-9659a90cbe33,24.0,CF
2015-05-17 00:00:00-07,2319a0db-dbe4-f32e-1fd0-d45d55673c1e,283.0,CF
2015-05-17 00:00:00-07,9b6a026f-ddeb-81be-5777-39a41823d602,101.0,CF
2015-05-17 00:00:00-07,079b6bbd-e1c5-6901-6ba2-b865ffc8ef18,264.0,CF
2015-05-17 00:00:00-07,f21b6cf3-af2e-7790-56d1-a66176c3ddad,262.0,CF
2015-05-17 00:00:00-07,9e8007f6-0798-9125-9361-019677794383,94.0,CF
2015-05-17 00:00:00-07,19b7abd7-62e9-a02e-245e-560262278c6c,87.0,CF
2015-05-17 00:00:00-07,54f962a1-bd97-593d-b502-2079c72d922b,94.0,CF
2015-05-17 00:00:00-07,45cf045a-b61e-aaf9-f6b1-f896794c8a84,184.0,CF
2015-05-17 00:00:00-07,909ba632-9e36-bcb1-4920-f82ffe295326,301.0,CF
2015-05-17 00:00:00-07,5e8d49f8-2e2b-7117-b230-eb85805cd986,91.0,CF
2015-05-17 00:00:00-07,9f9c8098-2073-e559-a9e4-71b6dc96d920,169.0,CF
2015-05-24 00:00:00-07,7c332956-dbe9-fc36-2e39-e7b33f7ebe02,269.0,CF
2015-05-24 00:00:00-07,5e8d49f8-2e2b-7117-b230-eb85805cd986,99.0,CF
2015-05-24 00:00:00-07,909ba632-9e36-bcb1-4920-f82ffe295326,147.0,CF
2015-05-24 00:00:00-07,9b6a026f-ddeb-81be-5777-39a41823d602,81.0,CF
2015-05-24 00:00:00-07,19b7abd7-62e9-a02e-245e-560262278c6c,100.0,CF
2015-05-24 00:00:00-07,54f962a1-bd97-593d-b502-2079c72d922b,149.0,CF
2015-05-24 00:00:00-07,2319a0db-dbe4-f32e-1fd0-d45d55673c1e,292.0,CF
2015-05-24 00:00:00-07,45cf045a-b61e-aaf9-f6b1-f896794c8a84,138.0,CF
2015-05-24 00:00:00-07,9e8007f6-0798-9125-9361-019677794383,91.0,CF
2015-05-24 00:00:00-07,9f9c8098-2073-e559-a9e4-71b6dc96d920,149.0,CF
2015-05-24 00:00:00-07,079b6bbd-e1c5-6901-6ba2-b865ffc8ef18,227.0,CF
2015-05-24 00:00:00-07,707f7886-a789-866e-d143-9659a90cbe33,26.0,CF
2015-05-24 00:00:00-07,f21b6cf3-af2e-7790-56d1-a66176c3ddad,248.0,CF
2015-05-31 00:00:00-07,15eb836a-2c0b-60d6-9720-f009cf89a3a1,65.0,CF
2015-05-31 00:00:00-07,1f4a8038-8aa7-68cf-c9de-37d475951df4,14.0,CF
2015-05-31 00:00:00-07,54786443-cf54-fd2e-5afe-6197b40e9dfc,56.0,CF
2015-05-31 00:00:00-07,11ad957a-5564-1459-5078-cbd629a4bfb6,8.0,CF
2015-05-31 00:00:00-07,e4c70ff3-a2b5-9fcc-a7fc-aa2fc8a35ee9,14.0,CF
2015-05-31 00:00:00-07,d30286ca-ca20-c5f5-8dc8-c9775f1c2aa5,5.0,CF
2015-05-31 00:00:00-07,874d97fe-5ae9-7e4f-49fb-b8b64198daef,21.0,CF
2015-05-31 00:00:00-07,214f6170-741c-ea91-e47d-9f49d41a32fc,74.0,CF
2015-05-31 00:00:00-07,b35fdd4a-fcb2-dc51-0a04-d5f7975b9053,5.0,CF
2015-05-31 00:00:00-07,f4e05ea1-6b80-b861-91ae-4afce72d375d,4.0,CF
2015-05-31 00:00:00-07,a42591bd-ebdb-058c-0c98-8d9affbdc014,29.0,CF
2015-05-31 00:00:00-07,19b7abd7-62e9-a02e-245e-560262278c6c,89.0,CF
2015-05-31 00:00:00-07,54f962a1-bd97-593d-b502-2079c72d922b,13.0,CF
2015-05-31 00:00:00-07,f21b6cf3-af2e-7790-56d1-a66176c3ddad,262.0,CF
2015-05-31 00:00:00-07,cad055a5-845f-138c-4f74-52577585d4d0,1.0,CF
2015-05-31 00:00:00-07,cb23053a-3e73-6d0a-5a33-d92412a29fa6,12.0,CF
2015-05-31 00:00:00-07,9e401ff6-4975-09f1-3117-4b5f899d1597,55.0,CF
2015-05-31 00:00:00-07,657fe6c2-522c-38c9-38a8-20c29b4ffeb2,8.0,CF
2015-05-31 00:00:00-07,eee8ff3a-5c69-8755-0b12-2404f6491b50,14.0,CF
2015-05-31 00:00:00-07,d8712e5a-c99c-9c88-8d89-5ad87f1b3ae5,25.0,CF
2015-05-31 00:00:00-07,9e8007f6-0798-9125-9361-019677794383,70.0,CF
2015-05-31 00:00:00-07,8b18bb02-2280-8036-a928-c38eb6d12726,90.0,CF
2015-05-31 00:00:00-07,d4bec237-5660-8e90-4470-c570143089fd,84.0,CF
2015-05-31 00:00:00-07,3b9e9f49-ec2c-5c13-9b63-42b6f058591f,75.0,CF
2015-05-31 00:00:00-07,9b6a026f-ddeb-81be-5777-39a41823d602,82.0,CF
2015-05-31 00:00:00-07,cfbb834e-c9c0-71f4-2d15-39f9d1460ce3,6.0,CF
2015-05-31 00:00:00-07,935f45bb-4ce9-67d2-af82-3987150a2dc5,12.0,CF
2015-05-31 00:00:00-07,a39ab89f-ba20-a7e3-3d97-9a8e545067cd,38.0,CF
2015-05-31 00:00:00-07,bad47382-3c21-92b1-870e-02e121261ec9,44.0,CF
2015-05-31 00:00:00-07,c47c0316-2f05-dd9b-bdb4-d6f60f273c1d,0.0,CF
2015-05-31 00:00:00-07,4f30408a-160a-ee37-88b8-d98d81eabe38,29.0,CF
2015-05-31 00:00:00-07,b9068de8-1b06-df10-e944-bfbdc848d07c,14.0,CF
2015-05-31 00:00:00-07,3d7fceca-81d8-2006-1c74-6989d4f5eb6e,12.0,CF
2015-05-31 00:00:00-07,4d5a7721-8359-bc5a-cb89-e15bf4c7463a,31.0,CF
2015-05-31 00:00:00-07,18e033a2-b58b-46b2-fa4f-b87dfffc6c46,35.0,CF
2015-05-31 00:00:00-07,f0c8bb5a-a1da-1b58-f2fa-41a1dbdc2e07,28.0,CF
2015-05-31 00:00:00-07,7870327a-ed02-c123-5763-1aec7b86a124,27.0,CF
2015-05-31 00:00:00-07,2319a0db-dbe4-f32e-1fd0-d45d55673c1e,268.0,CF
2015-05-31 00:00:00-07,9f9c8098-2073-e559-a9e4-71b6dc96d920,166.0,CF
2015-05-31 00:00:00-07,66b5758c-b42c-65b6-6b27-929a0c548fb5,19.0,CF
2015-05-31 00:00:00-07,8b81d052-45e5-b818-8116-d8add4876c9f,15.0,CF
2015-05-31 00:00:00-07,5e8d49f8-2e2b-7117-b230-eb85805cd986,109.0,CF
2015-05-31 00:00:00-07,45cf045a-b61e-aaf9-f6b1-f896794c8a84,162.0,CF
2015-05-31 00:00:00-07,7c332956-dbe9-fc36-2e39-e7b33f7ebe02,295.0,CF
2015-05-31 00:00:00-07,909ba632-9e36-bcb1-4920-f82ffe295326,176.0,CF
2015-05-31 00:00:00-07,c637f06d-ad19-ccca-e5b1-fa1a6c99d488,11.0,CF
2015-05-31 00:00:00-07,817f8a96-47ad-c9cc-ab39-b9962c0334d0,190.0,CF
2015-05-31 00:00:00-07,b0b9e8b4-66d5-cb79-e2c4-9644f28383fb,27.0,CF
2015-05-31 00:00:00-07,7f61027d-236f-f327-0d12-b67547f01704,58.0,CF
2015-05-31 00:00:00-07,8c5fd7aa-ca31-95dc-2b89-bba9baac2353,81.0,CF
2015-05-31 00:00:00-07,079b6bbd-e1c5-6901-6ba2-b865ffc8ef18,201.0,CF
2015-05-31 00:00:00-07,707f7886-a789-866e-d143-9659a90cbe33,30.0,CF
2015-05-31 00:00:00-07,8e2cd55c-31fe-2b58-09d0-78215ace0126,84.0,CF
2015-06-07 00:00:00-07,3b9e9f49-ec2c-5c13-9b63-42b6f058591f,893.0,CF
2015-06-07 00:00:00-07,d4bec237-5660-8e90-4470-c570143089fd,434.0,CF
2015-06-07 00:00:00-07,f21b6cf3-af2e-7790-56d1-a66176c3ddad,258.0,CF
2015-06-07 00:00:00-07,54786443-cf54-fd2e-5afe-6197b40e9dfc,132.0,CF
2015-06-07 00:00:00-07,18e033a2-b58b-46b2-fa4f-b87dfffc6c46,185.0,CF
2015-06-07 00:00:00-07,11ad957a-5564-1459-5078-cbd629a4bfb6,52.0,CF
2015-06-07 00:00:00-07,15eb836a-2c0b-60d6-9720-f009cf89a3a1,278.0,CF
2015-06-07 00:00:00-07,d30286ca-ca20-c5f5-8dc8-c9775f1c2aa5,16.0,CF
2015-06-07 00:00:00-07,8c5fd7aa-ca31-95dc-2b89-bba9baac2353,155.0,CF
2015-06-07 00:00:00-07,c47c0316-2f05-dd9b-bdb4-d6f60f273c1d,2.0,CF
2015-06-07 00:00:00-07,9b6a026f-ddeb-81be-5777-39a41823d602,102.0,CF
2015-06-07 00:00:00-07,a39ab89f-ba20-a7e3-3d97-9a8e545067cd,237.0,CF
2015-06-07 00:00:00-07,935f45bb-4ce9-67d2-af82-3987150a2dc5,70.0,CF
2015-06-07 00:00:00-07,bad47382-3c21-92b1-870e-02e121261ec9,139.0,CF
2015-06-07 00:00:00-07,cfbb834e-c9c0-71f4-2d15-39f9d1460ce3,151.0,CF
2015-06-07 00:00:00-07,7870327a-ed02-c123-5763-1aec7b86a124,77.0,CF
2015-06-07 00:00:00-07,b0b9e8b4-66d5-cb79-e2c4-9644f28383fb,103.0,CF
2015-06-07 00:00:00-07,4f30408a-160a-ee37-88b8-d98d81eabe38,169.0,CF
2015-06-07 00:00:00-07,b9068de8-1b06-df10-e944-bfbdc848d07c,85.0,CF
2015-06-07 00:00:00-07,874d97fe-5ae9-7e4f-49fb-b8b64198daef,92.0,CF
2015-06-07 00:00:00-07,f0c8bb5a-a1da-1b58-f2fa-41a1dbdc2e07,110.0,CF
2015-06-07 00:00:00-07,8e2cd55c-31fe-2b58-09d0-78215ace0126,156.0,CF
2015-06-07 00:00:00-07,7f61027d-236f-f327-0d12-b67547f01704,497.0,CF
2015-06-07 00:00:00-07,8b18bb02-2280-8036-a928-c38eb6d12726,405.0,CF
2015-06-07 00:00:00-07,d8712e5a-c99c-9c88-8d89-5ad87f1b3ae5,154.0,CF
2015-06-07 00:00:00-07,657fe6c2-522c-38c9-38a8-20c29b4ffeb2,148.0,CF
2015-06-07 00:00:00-07,5e8d49f8-2e2b-7117-b230-eb85805cd986,116.0,CF
2015-06-07 00:00:00-07,a42591bd-ebdb-058c-0c98-8d9affbdc014,131.0,CF
2015-06-07 00:00:00-07,909ba632-9e36-bcb1-4920-f82ffe295326,137.0,CF
2015-06-07 00:00:00-07,7c332956-dbe9-fc36-2e39-e7b33f7ebe02,341.0,CF
2015-06-07 00:00:00-07,45cf045a-b61e-aaf9-f6b1-f896794c8a84,221.0,CF
2015-06-07 00:00:00-07,1f4a8038-8aa7-68cf-c9de-37d475951df4,80.0,CF
2015-06-07 00:00:00-07,eee8ff3a-5c69-8755-0b12-2404f6491b50,52.0,CF
2015-06-07 00:00:00-07,079b6bbd-e1c5-6901-6ba2-b865ffc8ef18,226.0,CF
2015-06-07 00:00:00-07,9e8007f6-0798-9125-9361-019677794383,73.0,CF
2015-06-07 00:00:00-07,707f7886-a789-866e-d143-9659a90cbe33,39.0,CF
2015-06-07 00:00:00-07,9f9c8098-2073-e559-a9e4-71b6dc96d920,158.0,CF
2015-06-07 00:00:00-07,2319a0db-dbe4-f32e-1fd0-d45d55673c1e,282.0,CF
2015-06-07 00:00:00-07,66b5758c-b42c-65b6-6b27-929a0c548fb5,75.0,CF
2015-06-07 00:00:00-07,8b81d052-45e5-b818-8116-d8add4876c9f,71.0,CF
2015-06-07 00:00:00-07,214f6170-741c-ea91-e47d-9f49d41a32fc,263.0,CF
2015-06-07 00:00:00-07,19b7abd7-62e9-a02e-245e-560262278c6c,54.0,CF
2015-06-07 00:00:00-07,54f962a1-bd97-593d-b502-2079c72d922b,0,CF
2015-06-07 00:00:00-07,cb23053a-3e73-6d0a-5a33-d92412a29fa6,90.0,CF
2015-06-07 00:00:00-07,cad055a5-845f-138c-4f74-52577585d4d0,26.0,CF
2015-06-07 00:00:00-07,9e401ff6-4975-09f1-3117-4b5f899d1597,104.0,CF
2015-06-07 00:00:00-07,817f8a96-47ad-c9cc-ab39-b9962c0334d0,180.0,CF
2015-06-07 00:00:00-07,f4e05ea1-6b80-b861-91ae-4afce72d375d,64.0,CF
2015-06-07 00:00:00-07,b35fdd4a-fcb2-dc51-0a04-d5f7975b9053,44.0,CF
2015-06-07 00:00:00-07,c637f06d-ad19-ccca-e5b1-fa1a6c99d488,109.0,CF
2015-06-07 00:00:00-07,4d5a7721-8359-bc5a-cb89-e15bf4c7463a,134.0,CF
2015-06-07 00:00:00-07,e4c70ff3-a2b5-9fcc-a7fc-aa2fc8a35ee9,43.0,CF
2015-06-07 00:00:00-07,3d7fceca-81d8-2006-1c74-6989d4f5eb6e,22.0,CF
2015-06-14 00:00:00-07,cb23053a-3e73-6d0a-5a33-d92412a29fa6,98.0,CF
2015-06-14 00:00:00-07,707f7886-a789-866e-d143-9659a90cbe33,39.0,CF
2015-06-14 00:00:00-07,3d7fceca-81d8-2006-1c74-6989d4f5eb6e,49.0,CF
2015-06-14 00:00:00-07,11ad957a-5564-1459-5078-cbd629a4bfb6,55.0,CF
2015-06-14 00:00:00-07,657fe6c2-522c-38c9-38a8-20c29b4ffeb2,182.0,CF
2015-06-14 00:00:00-07,15eb836a-2c0b-60d6-9720-f009cf89a3a1,225.0,CF
2015-06-14 00:00:00-07,e4c70ff3-a2b5-9fcc-a7fc-aa2fc8a35ee9,41.0,CF
2015-06-14 00:00:00-07,214f6170-741c-ea91-e47d-9f49d41a32fc,278.0,CF
2015-06-14 00:00:00-07,909ba632-9e36-bcb1-4920-f82ffe295326,106.0,CF
2015-06-14 00:00:00-07,5e8d49f8-2e2b-7117-b230-eb85805cd986,109.0,CF
2015-06-14 00:00:00-07,7c332956-dbe9-fc36-2e39-e7b33f7ebe02,359.0,CF
2015-06-14 00:00:00-07,45cf045a-b61e-aaf9-f6b1-f896794c8a84,169.0,CF
2015-06-14 00:00:00-07,18e033a2-b58b-46b2-fa4f-b87dfffc6c46,158.0,CF
2015-06-14 00:00:00-07,2319a0db-dbe4-f32e-1fd0-d45d55673c1e,334.0,CF
2015-06-14 00:00:00-07,8b81d052-45e5-b818-8116-d8add4876c9f,99.0,CF
2015-06-14 00:00:00-07,9f9c8098-2073-e559-a9e4-71b6dc96d920,157.0,CF
2015-06-14 00:00:00-07,f4e05ea1-6b80-b861-91ae-4afce72d375d,138.0,CF
2015-06-14 00:00:00-07,c637f06d-ad19-ccca-e5b1-fa1a6c99d488,86.0,CF
2015-06-14 00:00:00-07,b35fdd4a-fcb2-dc51-0a04-d5f7975b9053,34.0,CF
2015-06-14 00:00:00-07,817f8a96-47ad-c9cc-ab39-b9962c0334d0,152.0,CF
2015-06-14 00:00:00-07,66b5758c-b42c-65b6-6b27-929a0c548fb5,85.0,CF
2015-06-14 00:00:00-07,7870327a-ed02-c123-5763-1aec7b86a124,130.0,CF
2015-06-14 00:00:00-07,4d5a7721-8359-bc5a-cb89-e15bf4c7463a,147.0,CF
2015-06-14 00:00:00-07,1f4a8038-8aa7-68cf-c9de-37d475951df4,82.0,CF
2015-06-14 00:00:00-07,54786443-cf54-fd2e-5afe-6197b40e9dfc,134.0,CF
2015-06-14 00:00:00-07,d30286ca-ca20-c5f5-8dc8-c9775f1c2aa5,27.0,CF
2015-06-14 00:00:00-07,9b6a026f-ddeb-81be-5777-39a41823d602,83.0,CF
2015-06-14 00:00:00-07,cfbb834e-c9c0-71f4-2d15-39f9d1460ce3,149.0,CF
2015-06-14 00:00:00-07,c47c0316-2f05-dd9b-bdb4-d6f60f273c1d,65.0,CF
2015-06-14 00:00:00-07,bad47382-3c21-92b1-870e-02e121261ec9,102.0,CF
2015-06-14 00:00:00-07,a39ab89f-ba20-a7e3-3d97-9a8e545067cd,167.0,CF
2015-06-14 00:00:00-07,4f30408a-160a-ee37-88b8-d98d81eabe38,4.0,CF
2015-06-14 00:00:00-07,935f45bb-4ce9-67d2-af82-3987150a2dc5,46.0,CF
2015-06-14 00:00:00-07,a42591bd-ebdb-058c-0c98-8d9affbdc014,109.0,CF
2015-06-14 00:00:00-07,8c5fd7aa-ca31-95dc-2b89-bba9baac2353,205.0,CF
2015-06-14 00:00:00-07,d8712e5a-c99c-9c88-8d89-5ad87f1b3ae5,148.0,CF
2015-06-14 00:00:00-07,8b18bb02-2280-8036-a928-c38eb6d12726,183.0,CF
2015-06-14 00:00:00-07,3b9e9f49-ec2c-5c13-9b63-42b6f058591f,899.0,CF
2015-06-14 00:00:00-07,d4bec237-5660-8e90-4470-c570143089fd,541.0,CF
2015-06-14 00:00:00-07,079b6bbd-e1c5-6901-6ba2-b865ffc8ef18,218.0,CF
2015-06-14 00:00:00-07,eee8ff3a-5c69-8755-0b12-2404f6491b50,42.0,CF
2015-06-14 00:00:00-07,9e8007f6-0798-9125-9361-019677794383,57.0,CF
2015-06-14 00:00:00-07,7f61027d-236f-f327-0d12-b67547f01704,360.0,CF
2015-06-14 00:00:00-07,874d97fe-5ae9-7e4f-49fb-b8b64198daef,88.0,CF
2015-06-14 00:00:00-07,f0c8bb5a-a1da-1b58-f2fa-41a1dbdc2e07,116.0,CF
2015-06-14 00:00:00-07,b0b9e8b4-66d5-cb79-e2c4-9644f28383fb,102.0,CF
2015-06-14 00:00:00-07,b9068de8-1b06-df10-e944-bfbdc848d07c,94.0,CF
2015-06-14 00:00:00-07,19b7abd7-62e9-a02e-245e-560262278c6c,58.0,CF
2015-06-14 00:00:00-07,54f962a1-bd97-593d-b502-2079c72d922b,0,CF
2015-06-14 00:00:00-07,8e2cd55c-31fe-2b58-09d0-78215ace0126,196.0,CF
2015-06-14 00:00:00-07,f21b6cf3-af2e-7790-56d1-a66176c3ddad,272.0,CF
2015-06-14 00:00:00-07,cad055a5-845f-138c-4f74-52577585d4d0,32.0,CF
2015-06-14 00:00:00-07,9e401ff6-4975-09f1-3117-4b5f899d1597,160.0,CF
2015-06-21 00:00:00-07,7870327a-ed02-c123-5763-1aec7b86a124,77.0,CF
2015-06-21 00:00:00-07,c47c0316-2f05-dd9b-bdb4-d6f60f273c1d,21.0,CF
2015-06-21 00:00:00-07,a39ab89f-ba20-a7e3-3d97-9a8e545067cd,213.0,CF
2015-06-21 00:00:00-07,9b6a026f-ddeb-81be-5777-39a41823d602,94.0,CF
2015-06-21 00:00:00-07,935f45bb-4ce9-67d2-af82-3987150a2dc5,60.0,CF
2015-06-21 00:00:00-07,bad47382-3c21-92b1-870e-02e121261ec9,160.0,CF
2015-06-21 00:00:00-07,cfbb834e-c9c0-71f4-2d15-39f9d1460ce3,254.0,CF
2015-06-21 00:00:00-07,4f30408a-160a-ee37-88b8-d98d81eabe38,0.0,CF
2015-06-21 00:00:00-07,9e401ff6-4975-09f1-3117-4b5f899d1597,152.0,CF
2015-06-21 00:00:00-07,cad055a5-845f-138c-4f74-52577585d4d0,39.0,CF
2015-06-21 00:00:00-07,f21b6cf3-af2e-7790-56d1-a66176c3ddad,281.0,CF
2015-06-21 00:00:00-07,cb23053a-3e73-6d0a-5a33-d92412a29fa6,101.0,CF
2015-06-21 00:00:00-07,19b7abd7-62e9-a02e-245e-560262278c6c,112.0,CF
2015-06-21 00:00:00-07,54f962a1-bd97-593d-b502-2079c72d922b,0,CF
2015-06-21 00:00:00-07,b9068de8-1b06-df10-e944-bfbdc848d07c,101.0,CF
2015-06-21 00:00:00-07,8e2cd55c-31fe-2b58-09d0-78215ace0126,148.0,CF
2015-06-21 00:00:00-07,3d7fceca-81d8-2006-1c74-6989d4f5eb6e,42.0,CF
2015-06-21 00:00:00-07,8c5fd7aa-ca31-95dc-2b89-bba9baac2353,166.0,CF
2015-06-21 00:00:00-07,7f61027d-236f-f327-0d12-b67547f01704,0,CF
2015-06-21 00:00:00-07,b0b9e8b4-66d5-cb79-e2c4-9644f28383fb,101.0,CF
2015-06-21 00:00:00-07,a42591bd-ebdb-058c-0c98-8d9affbdc014,77.0,CF
2015-06-21 00:00:00-07,4d5a7721-8359-bc5a-cb89-e15bf4c7463a,194.0,CF
2015-06-21 00:00:00-07,f0c8bb5a-a1da-1b58-f2fa-41a1dbdc2e07,105.0,CF
2015-06-21 00:00:00-07,18e033a2-b58b-46b2-fa4f-b87dfffc6c46,173.0,CF
2015-06-21 00:00:00-07,817f8a96-47ad-c9cc-ab39-b9962c0334d0,244.0,CF
2015-06-21 00:00:00-07,f4e05ea1-6b80-b861-91ae-4afce72d375d,67.0,CF
2015-06-21 00:00:00-07,c637f06d-ad19-ccca-e5b1-fa1a6c99d488,112.0,CF
2015-06-21 00:00:00-07,b35fdd4a-fcb2-dc51-0a04-d5f7975b9053,30.0,CF
2015-06-21 00:00:00-07,214f6170-741c-ea91-e47d-9f49d41a32fc,302.0,CF
2015-06-21 00:00:00-07,66b5758c-b42c-65b6-6b27-929a0c548fb5,78.0,CF
2015-06-21 00:00:00-07,9f9c8098-2073-e559-a9e4-71b6dc96d920,171.0,CF
2015-06-21 00:00:00-07,8b81d052-45e5-b818-8116-d8add4876c9f,45.0,CF
2015-06-21 00:00:00-07,2319a0db-dbe4-f32e-1fd0-d45d55673c1e,229.0,CF
2015-06-21 00:00:00-07,45cf045a-b61e-aaf9-f6b1-f896794c8a84,169.0,CF
2015-06-21 00:00:00-07,7c332956-dbe9-fc36-2e39-e7b33f7ebe02,376.0,CF
2015-06-21 00:00:00-07,5e8d49f8-2e2b-7117-b230-eb85805cd986,113.0,CF
2015-06-21 00:00:00-07,874d97fe-5ae9-7e4f-49fb-b8b64198daef,103.0,CF
2015-06-21 00:00:00-07,11ad957a-5564-1459-5078-cbd629a4bfb6,93.0,CF
2015-06-21 00:00:00-07,15eb836a-2c0b-60d6-9720-f009cf89a3a1,249.0,CF
2015-06-21 00:00:00-07,54786443-cf54-fd2e-5afe-6197b40e9dfc,134.0,CF
2015-06-21 00:00:00-07,e4c70ff3-a2b5-9fcc-a7fc-aa2fc8a35ee9,44.0,CF
2015-06-21 00:00:00-07,1f4a8038-8aa7-68cf-c9de-37d475951df4,86.0,CF
2015-06-21 00:00:00-07,d30286ca-ca20-c5f5-8dc8-c9775f1c2aa5,43.0,CF
2015-06-21 00:00:00-07,909ba632-9e36-bcb1-4920-f82ffe295326,110.0,CF
2015-06-21 00:00:00-07,707f7886-a789-866e-d143-9659a90cbe33,33.0,CF
2015-06-21 00:00:00-07,9e8007f6-0798-9125-9361-019677794383,43.0,CF
2015-06-21 00:00:00-07,3b9e9f49-ec2c-5c13-9b63-42b6f058591f,213.0,CF
2015-06-21 00:00:00-07,657fe6c2-522c-38c9-38a8-20c29b4ffeb2,6.0,CF
2015-06-21 00:00:00-07,8b18bb02-2280-8036-a928-c38eb6d12726,166.0,CF
2015-06-21 00:00:00-07,079b6bbd-e1c5-6901-6ba2-b865ffc8ef18,218.0,CF
2015-06-21 00:00:00-07,d8712e5a-c99c-9c88-8d89-5ad87f1b3ae5,158.0,CF
2015-06-21 00:00:00-07,eee8ff3a-5c69-8755-0b12-2404f6491b50,61.0,CF
2015-06-21 00:00:00-07,d4bec237-5660-8e90-4470-c570143089fd,535.0,CF
2015-06-28 00:00:00-07,19b7abd7-62e9-a02e-245e-560262278c6c,96.0,CF
2015-06-28 00:00:00-07,f21b6cf3-af2e-7790-56d1-a66176c3ddad,271.0,CF
2015-06-28 00:00:00-07,214f6170-741c-ea91-e47d-9f49d41a32fc,315.0,CF
2015-06-28 00:00:00-07,4f30408a-160a-ee37-88b8-d98d81eabe38,3.0,CF
2015-06-28 00:00:00-07,b35fdd4a-fcb2-dc51-0a04-d5f7975b9053,27.0,CF
2015-06-28 00:00:00-07,817f8a96-47ad-c9cc-ab39-b9962c0334d0,329.0,CF
2015-06-28 00:00:00-07,7870327a-ed02-c123-5763-1aec7b86a124,156.0,CF
2015-06-28 00:00:00-07,18e033a2-b58b-46b2-fa4f-b87dfffc6c46,163.0,CF
2015-06-28 00:00:00-07,4d5a7721-8359-bc5a-cb89-e15bf4c7463a,134.0,CF
2015-06-28 00:00:00-07,f0c8bb5a-a1da-1b58-f2fa-41a1dbdc2e07,107.0,CF
2015-06-28 00:00:00-07,657fe6c2-522c-38c9-38a8-20c29b4ffeb2,5.0,CF
2015-06-28 00:00:00-07,cad055a5-845f-138c-4f74-52577585d4d0,25.0,CF
2015-06-28 00:00:00-07,3d7fceca-81d8-2006-1c74-6989d4f5eb6e,42.0,CF
2015-06-28 00:00:00-07,b9068de8-1b06-df10-e944-bfbdc848d07c,120.0,CF
2015-06-28 00:00:00-07,8e2cd55c-31fe-2b58-09d0-78215ace0126,150.0,CF
2015-06-28 00:00:00-07,54f962a1-bd97-593d-b502-2079c72d922b,0,CF
2015-06-28 00:00:00-07,d4bec237-5660-8e90-4470-c570143089fd,490.0,CF
2015-06-28 00:00:00-07,079b6bbd-e1c5-6901-6ba2-b865ffc8ef18,189.0,CF
2015-06-28 00:00:00-07,cfbb834e-c9c0-71f4-2d15-39f9d1460ce3,262.0,CF
2015-06-28 00:00:00-07,bad47382-3c21-92b1-870e-02e121261ec9,113.0,CF
2015-06-28 00:00:00-07,3b9e9f49-ec2c-5c13-9b63-42b6f058591f,121.0,CF
2015-06-28 00:00:00-07,c47c0316-2f05-dd9b-bdb4-d6f60f273c1d,0.0,CF
2015-06-28 00:00:00-07,eee8ff3a-5c69-8755-0b12-2404f6491b50,45.0,CF
2015-06-28 00:00:00-07,9e8007f6-0798-9125-9361-019677794383,71.0,CF
2015-06-28 00:00:00-07,15eb836a-2c0b-60d6-9720-f009cf89a3a1,231.0,CF
2015-06-28 00:00:00-07,e4c70ff3-a2b5-9fcc-a7fc-aa2fc8a35ee9,37.0,CF
2015-06-28 00:00:00-07,c637f06d-ad19-ccca-e5b1-fa1a6c99d488,93.0,CF
2015-06-28 00:00:00-07,1f4a8038-8aa7-68cf-c9de-37d475951df4,93.0,CF
2015-06-28 00:00:00-07,d30286ca-ca20-c5f5-8dc8-c9775f1c2aa5,37.0,CF
2015-06-28 00:00:00-07,9e401ff6-4975-09f1-3117-4b5f899d1597,151.0,CF
2015-06-28 00:00:00-07,935f45bb-4ce9-67d2-af82-3987150a2dc5,82.0,CF
2015-06-28 00:00:00-07,874d97fe-5ae9-7e4f-49fb-b8b64198daef,118.0,CF
2015-06-28 00:00:00-07,11ad957a-5564-1459-5078-cbd629a4bfb6,91.0,CF
2015-06-28 00:00:00-07,909ba632-9e36-bcb1-4920-f82ffe295326,102.0,CF
2015-06-28 00:00:00-07,707f7886-a789-866e-d143-9659a90cbe33,33.0,CF
2015-06-28 00:00:00-07,b0b9e8b4-66d5-cb79-e2c4-9644f28383fb,119.0,CF
2015-06-28 00:00:00-07,7f61027d-236f-f327-0d12-b67547f01704,0,CF
2015-06-28 00:00:00-07,8c5fd7aa-ca31-95dc-2b89-bba9baac2353,183.0,CF
2015-06-28 00:00:00-07,a42591bd-ebdb-058c-0c98-8d9affbdc014,160.0,CF
2015-06-28 00:00:00-07,45cf045a-b61e-aaf9-f6b1-f896794c8a84,169.0,CF
2015-06-28 00:00:00-07,5e8d49f8-2e2b-7117-b230-eb85805cd986,109.0,CF
2015-06-28 00:00:00-07,7c332956-dbe9-fc36-2e39-e7b33f7ebe02,345.0,CF
2015-06-28 00:00:00-07,d8712e5a-c99c-9c88-8d89-5ad87f1b3ae5,157.0,CF
2015-06-28 00:00:00-07,8b18bb02-2280-8036-a928-c38eb6d12726,191.0,CF
2015-06-28 00:00:00-07,cb23053a-3e73-6d0a-5a33-d92412a29fa6,115.0,CF
2015-06-28 00:00:00-07,54786443-cf54-fd2e-5afe-6197b40e9dfc,148.0,CF
2015-06-28 00:00:00-07,8b81d052-45e5-b818-8116-d8add4876c9f,100.0,CF
2015-06-28 00:00:00-07,a39ab89f-ba20-a7e3-3d97-9a8e545067cd,151.0,CF
2015-06-28 00:00:00-07,9f9c8098-2073-e559-a9e4-71b6dc96d920,160.0,CF
2015-06-28 00:00:00-07,2319a0db-dbe4-f32e-1fd0-d45d55673c1e,289.0,CF
2015-06-28 00:00:00-07,9b6a026f-ddeb-81be-5777-39a41823d602,137.0,CF
2015-06-28 00:00:00-07,66b5758c-b42c-65b6-6b27-929a0c548fb5,75.0,CF
2015-06-28 00:00:00-07,f4e05ea1-6b80-b861-91ae-4afce72d375d,2.0,CF
2015-07-05 00:00:00-07,cb23053a-3e73-6d0a-5a33-d92412a29fa6,3.0,CF
2015-07-05 00:00:00-07,9e401ff6-4975-09f1-3117-4b5f899d1597,190.0,CF
2015-07-05 00:00:00-07,8e2cd55c-31fe-2b58-09d0-78215ace0126,165.0,CF
2015-07-05 00:00:00-07,707f7886-a789-866e-d143-9659a90cbe33,44.0,CF
2015-07-05 00:00:00-07,b9068de8-1b06-df10-e944-bfbdc848d07c,98.0,CF
2015-07-05 00:00:00-07,8c5fd7aa-ca31-95dc-2b89-bba9baac2353,189.0,CF
2015-07-05 00:00:00-07,b0b9e8b4-66d5-cb79-e2c4-9644f28383fb,85.0,CF
2015-07-05 00:00:00-07,7f61027d-236f-f327-0d12-b67547f01704,0,CF
2015-07-05 00:00:00-07,d8712e5a-c99c-9c88-8d89-5ad87f1b3ae5,168.0,CF
2015-07-05 00:00:00-07,3d7fceca-81d8-2006-1c74-6989d4f5eb6e,28.0,CF
2015-07-05 00:00:00-07,f0c8bb5a-a1da-1b58-f2fa-41a1dbdc2e07,124.0,CF
2015-07-05 00:00:00-07,c47c0316-2f05-dd9b-bdb4-d6f60f273c1d,0.0,CF
2015-07-05 00:00:00-07,f4e05ea1-6b80-b861-91ae-4afce72d375d,33.0,CF
2015-07-05 00:00:00-07,817f8a96-47ad-c9cc-ab39-b9962c0334d0,241.0,CF
2015-07-05 00:00:00-07,b35fdd4a-fcb2-dc51-0a04-d5f7975b9053,22.0,CF
2015-07-05 00:00:00-07,4d5a7721-8359-bc5a-cb89-e15bf4c7463a,140.0,CF
2015-07-05 00:00:00-07,214f6170-741c-ea91-e47d-9f49d41a32fc,287.0,CF
2015-07-05 00:00:00-07,c637f06d-ad19-ccca-e5b1-fa1a6c99d488,104.0,CF
2015-07-05 00:00:00-07,7870327a-ed02-c123-5763-1aec7b86a124,119.0,CF
2015-07-05 00:00:00-07,18e033a2-b58b-46b2-fa4f-b87dfffc6c46,220.0,CF
2015-07-05 00:00:00-07,3b9e9f49-ec2c-5c13-9b63-42b6f058591f,19.0,CF
2015-07-05 00:00:00-07,d4bec237-5660-8e90-4470-c570143089fd,493.0,CF
2015-07-05 00:00:00-07,079b6bbd-e1c5-6901-6ba2-b865ffc8ef18,293.0,CF
2015-07-05 00:00:00-07,9e8007f6-0798-9125-9361-019677794383,64.0,CF
2015-07-05 00:00:00-07,657fe6c2-522c-38c9-38a8-20c29b4ffeb2,245.0,CF
2015-07-05 00:00:00-07,66b5758c-b42c-65b6-6b27-929a0c548fb5,59.0,CF
2015-07-05 00:00:00-07,8b81d052-45e5-b818-8116-d8add4876c9f,74.0,CF
2015-07-05 00:00:00-07,9f9c8098-2073-e559-a9e4-71b6dc96d920,152.0,CF
2015-07-05 00:00:00-07,2319a0db-dbe4-f32e-1fd0-d45d55673c1e,268.0,CF
2015-07-05 00:00:00-07,15eb836a-2c0b-60d6-9720-f009cf89a3a1,218.0,CF
2015-07-05 00:00:00-07,45cf045a-b61e-aaf9-f6b1-f896794c8a84,167.0,CF
2015-07-05 00:00:00-07,7c332956-dbe9-fc36-2e39-e7b33f7ebe02,363.0,CF
2015-07-05 00:00:00-07,5e8d49f8-2e2b-7117-b230-eb85805cd986,109.0,CF
2015-07-05 00:00:00-07,909ba632-9e36-bcb1-4920-f82ffe295326,94.0,CF
2015-07-05 00:00:00-07,874d97fe-5ae9-7e4f-49fb-b8b64198daef,97.0,CF
2015-07-05 00:00:00-07,e4c70ff3-a2b5-9fcc-a7fc-aa2fc8a35ee9,44.0,CF
2015-07-05 00:00:00-07,54786443-cf54-fd2e-5afe-6197b40e9dfc,125.0,CF
2015-07-05 00:00:00-07,11ad957a-5564-1459-5078-cbd629a4bfb6,754.0,CF
2015-07-05 00:00:00-07,d30286ca-ca20-c5f5-8dc8-c9775f1c2aa5,41.0,CF
2015-07-05 00:00:00-07,1f4a8038-8aa7-68cf-c9de-37d475951df4,100.0,CF
2015-07-05 00:00:00-07,a42591bd-ebdb-058c-0c98-8d9affbdc014,135.0,CF
2015-07-05 00:00:00-07,f21b6cf3-af2e-7790-56d1-a66176c3ddad,236.0,CF
2015-07-05 00:00:00-07,8b18bb02-2280-8036-a928-c38eb6d12726,131.0,CF
2015-07-05 00:00:00-07,eee8ff3a-5c69-8755-0b12-2404f6491b50,62.0,CF
2015-07-05 00:00:00-07,54f962a1-bd97-593d-b502-2079c72d922b,0,CF
2015-07-05 00:00:00-07,a39ab89f-ba20-a7e3-3d97-9a8e545067cd,230.0,CF
2015-07-05 00:00:00-07,935f45bb-4ce9-67d2-af82-3987150a2dc5,60.0,CF
2015-07-05 00:00:00-07,cad055a5-845f-138c-4f74-52577585d4d0,27.0,CF
2015-07-05 00:00:00-07,4f30408a-160a-ee37-88b8-d98d81eabe38,199.0,CF
2015-07-05 00:00:00-07,cfbb834e-c9c0-71f4-2d15-39f9d1460ce3,233.0,CF
2015-07-05 00:00:00-07,bad47382-3c21-92b1-870e-02e121261ec9,192.0,CF
2015-07-05 00:00:00-07,9b6a026f-ddeb-81be-5777-39a41823d602,73.0,CF
2015-07-05 00:00:00-07,19b7abd7-62e9-a02e-245e-560262278c6c,143.0,CF
2015-07-12 00:00:00-07,11ad957a-5564-1459-5078-cbd629a4bfb6,79.0,CF
2015-07-12 00:00:00-07,18e033a2-b58b-46b2-fa4f-b87dfffc6c46,224.0,CF
2015-07-12 00:00:00-07,9e401ff6-4975-09f1-3117-4b5f899d1597,161.0,CF
2015-07-12 00:00:00-07,8b18bb02-2280-8036-a928-c38eb6d12726,269.0,CF
2015-07-12 00:00:00-07,eee8ff3a-5c69-8755-0b12-2404f6491b50,43.0,CF
2015-07-12 00:00:00-07,3d7fceca-81d8-2006-1c74-6989d4f5eb6e,48.0,CF
2015-07-12 00:00:00-07,8e2cd55c-31fe-2b58-09d0-78215ace0126,150.0,CF
2015-07-12 00:00:00-07,079b6bbd-e1c5-6901-6ba2-b865ffc8ef18,245.0,CF
2015-07-12 00:00:00-07,b35fdd4a-fcb2-dc51-0a04-d5f7975b9053,79.0,CF
2015-07-12 00:00:00-07,cfbb834e-c9c0-71f4-2d15-39f9d1460ce3,118.0,CF
2015-07-12 00:00:00-07,707f7886-a789-866e-d143-9659a90cbe33,40.0,CF
2015-07-12 00:00:00-07,3b9e9f49-ec2c-5c13-9b63-42b6f058591f,21.0,CF
2015-07-12 00:00:00-07,4d5a7721-8359-bc5a-cb89-e15bf4c7463a,138.0,CF
2015-07-12 00:00:00-07,4f30408a-160a-ee37-88b8-d98d81eabe38,130.0,CF
2015-07-12 00:00:00-07,a42591bd-ebdb-058c-0c98-8d9affbdc014,43.0,CF
2015-07-12 00:00:00-07,45cf045a-b61e-aaf9-f6b1-f896794c8a84,182.0,CF
2015-07-12 00:00:00-07,66b5758c-b42c-65b6-6b27-929a0c548fb5,80.0,CF
2015-07-12 00:00:00-07,1f4a8038-8aa7-68cf-c9de-37d475951df4,151.0,CF
2015-07-12 00:00:00-07,9f9c8098-2073-e559-a9e4-71b6dc96d920,142.0,CF
2015-07-12 00:00:00-07,2319a0db-dbe4-f32e-1fd0-d45d55673c1e,231.0,CF
2015-07-12 00:00:00-07,e4c70ff3-a2b5-9fcc-a7fc-aa2fc8a35ee9,48.0,CF
2015-07-12 00:00:00-07,15eb836a-2c0b-60d6-9720-f009cf89a3a1,244.0,CF
2015-07-12 00:00:00-07,8b81d052-45e5-b818-8116-d8add4876c9f,57.0,CF
2015-07-12 00:00:00-07,7f61027d-236f-f327-0d12-b67547f01704,0,CF
2015-07-12 00:00:00-07,a39ab89f-ba20-a7e3-3d97-9a8e545067cd,144.0,CF
2015-07-12 00:00:00-07,d30286ca-ca20-c5f5-8dc8-c9775f1c2aa5,38.0,CF
2015-07-12 00:00:00-07,b0b9e8b4-66d5-cb79-e2c4-9644f28383fb,113.0,CF
2015-07-12 00:00:00-07,54786443-cf54-fd2e-5afe-6197b40e9dfc,129.0,CF
2015-07-12 00:00:00-07,874d97fe-5ae9-7e4f-49fb-b8b64198daef,99.0,CF
2015-07-12 00:00:00-07,909ba632-9e36-bcb1-4920-f82ffe295326,177.0,CF
2015-07-12 00:00:00-07,5e8d49f8-2e2b-7117-b230-eb85805cd986,84.0,CF
2015-07-12 00:00:00-07,935f45bb-4ce9-67d2-af82-3987150a2dc5,57.0,CF
2015-07-12 00:00:00-07,214f6170-741c-ea91-e47d-9f49d41a32fc,537.0,CF
2015-07-12 00:00:00-07,9b6a026f-ddeb-81be-5777-39a41823d602,117.0,CF
2015-07-12 00:00:00-07,7870327a-ed02-c123-5763-1aec7b86a124,155.0,CF
2015-07-12 00:00:00-07,cad055a5-845f-138c-4f74-52577585d4d0,23.0,CF
2015-07-12 00:00:00-07,817f8a96-47ad-c9cc-ab39-b9962c0334d0,277.0,CF
2015-07-12 00:00:00-07,c47c0316-2f05-dd9b-bdb4-d6f60f273c1d,0.0,CF
2015-07-12 00:00:00-07,f4e05ea1-6b80-b861-91ae-4afce72d375d,59.0,CF
2015-07-12 00:00:00-07,bad47382-3c21-92b1-870e-02e121261ec9,150.0,CF
2015-07-12 00:00:00-07,657fe6c2-522c-38c9-38a8-20c29b4ffeb2,195.0,CF
2015-07-12 00:00:00-07,d8712e5a-c99c-9c88-8d89-5ad87f1b3ae5,156.0,CF
2015-07-12 00:00:00-07,cb23053a-3e73-6d0a-5a33-d92412a29fa6,71.0,CF
2015-07-12 00:00:00-07,54f962a1-bd97-593d-b502-2079c72d922b,0,CF
2015-07-12 00:00:00-07,f0c8bb5a-a1da-1b58-f2fa-41a1dbdc2e07,131.0,CF
2015-07-12 00:00:00-07,7c332956-dbe9-fc36-2e39-e7b33f7ebe02,277.0,CF
2015-07-12 00:00:00-07,b9068de8-1b06-df10-e944-bfbdc848d07c,66.0,CF
2015-07-12 00:00:00-07,19b7abd7-62e9-a02e-245e-560262278c6c,114.0,CF
2015-07-12 00:00:00-07,8c5fd7aa-ca31-95dc-2b89-bba9baac2353,155.0,CF
2015-07-12 00:00:00-07,d4bec237-5660-8e90-4470-c570143089fd,466.0,CF
2015-07-12 00:00:00-07,c637f06d-ad19-ccca-e5b1-fa1a6c99d488,62.0,CF
2015-07-12 00:00:00-07,9e8007f6-0798-9125-9361-019677794383,47.0,CF
2015-07-12 00:00:00-07,f21b6cf3-af2e-7790-56d1-a66176c3ddad,256.0,CF
2015-07-19 00:00:00-07,bad47382-3c21-92b1-870e-02e121261ec9,151.0,CF
2015-07-19 00:00:00-07,b9068de8-1b06-df10-e944-bfbdc848d07c,66.0,CF
2015-07-19 00:00:00-07,8e2cd55c-31fe-2b58-09d0-78215ace0126,165.0,CF
2015-07-19 00:00:00-07,b0b9e8b4-66d5-cb79-e2c4-9644f28383fb,105.0,CF
2015-07-19 00:00:00-07,8c5fd7aa-ca31-95dc-2b89-bba9baac2353,211.0,CF
2015-07-19 00:00:00-07,5e8d49f8-2e2b-7117-b230-eb85805cd986,103.0,CF
2015-07-19 00:00:00-07,45cf045a-b61e-aaf9-f6b1-f896794c8a84,182.0,CF
2015-07-19 00:00:00-07,7c332956-dbe9-fc36-2e39-e7b33f7ebe02,205.0,CF
2015-07-19 00:00:00-07,909ba632-9e36-bcb1-4920-f82ffe295326,102.0,CF
2015-07-19 00:00:00-07,b35fdd4a-fcb2-dc51-0a04-d5f7975b9053,107.0,CF
2015-07-19 00:00:00-07,7f61027d-236f-f327-0d12-b67547f01704,0,CF
2015-07-19 00:00:00-07,cfbb834e-c9c0-71f4-2d15-39f9d1460ce3,136.0,CF
2015-07-19 00:00:00-07,18e033a2-b58b-46b2-fa4f-b87dfffc6c46,212.0,CF
2015-07-19 00:00:00-07,cb23053a-3e73-6d0a-5a33-d92412a29fa6,74.0,CF
2015-07-19 00:00:00-07,3b9e9f49-ec2c-5c13-9b63-42b6f058591f,22.0,CF
2015-07-19 00:00:00-07,9b6a026f-ddeb-81be-5777-39a41823d602,89.0,CF
2015-07-19 00:00:00-07,a42591bd-ebdb-058c-0c98-8d9affbdc014,112.0,CF
2015-07-19 00:00:00-07,7870327a-ed02-c123-5763-1aec7b86a124,165.0,CF
2015-07-19 00:00:00-07,817f8a96-47ad-c9cc-ab39-b9962c0334d0,283.0,CF
2015-07-19 00:00:00-07,f21b6cf3-af2e-7790-56d1-a66176c3ddad,224.0,CF
2015-07-19 00:00:00-07,c47c0316-2f05-dd9b-bdb4-d6f60f273c1d,0.0,CF
2015-07-19 00:00:00-07,a39ab89f-ba20-a7e3-3d97-9a8e545067cd,239.0,CF
2015-07-19 00:00:00-07,4f30408a-160a-ee37-88b8-d98d81eabe38,126.0,CF
2015-07-19 00:00:00-07,f0c8bb5a-a1da-1b58-f2fa-41a1dbdc2e07,114.0,CF
2015-07-19 00:00:00-07,214f6170-741c-ea91-e47d-9f49d41a32fc,670.0,CF
2015-07-19 00:00:00-07,15eb836a-2c0b-60d6-9720-f009cf89a3a1,226.0,CF
2015-07-19 00:00:00-07,d30286ca-ca20-c5f5-8dc8-c9775f1c2aa5,41.0,CF
2015-07-19 00:00:00-07,c637f06d-ad19-ccca-e5b1-fa1a6c99d488,92.0,CF
2015-07-19 00:00:00-07,54786443-cf54-fd2e-5afe-6197b40e9dfc,141.0,CF
2015-07-19 00:00:00-07,935f45bb-4ce9-67d2-af82-3987150a2dc5,68.0,CF
2015-07-19 00:00:00-07,e4c70ff3-a2b5-9fcc-a7fc-aa2fc8a35ee9,55.0,CF
2015-07-19 00:00:00-07,1f4a8038-8aa7-68cf-c9de-37d475951df4,93.0,CF
2015-07-19 00:00:00-07,4d5a7721-8359-bc5a-cb89-e15bf4c7463a,143.0,CF
2015-07-19 00:00:00-07,874d97fe-5ae9-7e4f-49fb-b8b64198daef,77.0,CF
2015-07-19 00:00:00-07,cad055a5-845f-138c-4f74-52577585d4d0,40.0,CF
2015-07-19 00:00:00-07,11ad957a-5564-1459-5078-cbd629a4bfb6,72.0,CF
2015-07-19 00:00:00-07,8b81d052-45e5-b818-8116-d8add4876c9f,97.0,CF
2015-07-19 00:00:00-07,66b5758c-b42c-65b6-6b27-929a0c548fb5,75.0,CF
2015-07-19 00:00:00-07,2319a0db-dbe4-f32e-1fd0-d45d55673c1e,263.0,CF
2015-07-19 00:00:00-07,9f9c8098-2073-e559-a9e4-71b6dc96d920,178.0,CF
2015-07-19 00:00:00-07,54f962a1-bd97-593d-b502-2079c72d922b,0,CF
2015-07-19 00:00:00-07,19b7abd7-62e9-a02e-245e-560262278c6c,96.0,CF
2015-07-19 00:00:00-07,707f7886-a789-866e-d143-9659a90cbe33,51.0,CF
2015-07-19 00:00:00-07,d8712e5a-c99c-9c88-8d89-5ad87f1b3ae5,165.0,CF
2015-07-19 00:00:00-07,8b18bb02-2280-8036-a928-c38eb6d12726,302.0,CF
2015-07-19 00:00:00-07,079b6bbd-e1c5-6901-6ba2-b865ffc8ef18,249.0,CF
2015-07-19 00:00:00-07,657fe6c2-522c-38c9-38a8-20c29b4ffeb2,192.0,CF
2015-07-19 00:00:00-07,9e401ff6-4975-09f1-3117-4b5f899d1597,172.0,CF
2015-07-19 00:00:00-07,eee8ff3a-5c69-8755-0b12-2404f6491b50,40.0,CF
2015-07-19 00:00:00-07,d4bec237-5660-8e90-4470-c570143089fd,434.0,CF
2015-07-19 00:00:00-07,9e8007f6-0798-9125-9361-019677794383,32.0,CF
2015-07-19 00:00:00-07,f4e05ea1-6b80-b861-91ae-4afce72d375d,90.0,CF
2015-07-19 00:00:00-07,3d7fceca-81d8-2006-1c74-6989d4f5eb6e,34.0,CF
2015-07-26 00:00:00-07,9b6a026f-ddeb-81be-5777-39a41823d602,103.0,CF
2015-07-26 00:00:00-07,a39ab89f-ba20-a7e3-3d97-9a8e545067cd,168.0,CF
2015-07-26 00:00:00-07,9e401ff6-4975-09f1-3117-4b5f899d1597,172.0,CF
2015-07-26 00:00:00-07,bad47382-3c21-92b1-870e-02e121261ec9,128.0,CF
2015-07-26 00:00:00-07,abc3fccd-dcd3-ed7c-11e9-6ec740696fc9,2.0,CF
2015-07-26 00:00:00-07,d8712e5a-c99c-9c88-8d89-5ad87f1b3ae5,155.0,CF
2015-07-26 00:00:00-07,eee8ff3a-5c69-8755-0b12-2404f6491b50,36.0,CF
2015-07-26 00:00:00-07,f0c8bb5a-a1da-1b58-f2fa-41a1dbdc2e07,132.0,CF
2015-07-26 00:00:00-07,4d5a7721-8359-bc5a-cb89-e15bf4c7463a,113.0,CF
2015-07-26 00:00:00-07,18e033a2-b58b-46b2-fa4f-b87dfffc6c46,163.0,CF
2015-07-26 00:00:00-07,079b6bbd-e1c5-6901-6ba2-b865ffc8ef18,242.0,CF
2015-07-26 00:00:00-07,7870327a-ed02-c123-5763-1aec7b86a124,140.0,CF
2015-07-26 00:00:00-07,11ad957a-5564-1459-5078-cbd629a4bfb6,62.0,CF
2015-07-26 00:00:00-07,3b9e9f49-ec2c-5c13-9b63-42b6f058591f,28.0,CF
2015-07-26 00:00:00-07,9e8007f6-0798-9125-9361-019677794383,34.0,CF
2015-07-26 00:00:00-07,8b18bb02-2280-8036-a928-c38eb6d12726,359.0,CF
2015-07-26 00:00:00-07,e4c70ff3-a2b5-9fcc-a7fc-aa2fc8a35ee9,84.0,CF
2015-07-26 00:00:00-07,15eb836a-2c0b-60d6-9720-f009cf89a3a1,263.0,CF
2015-07-26 00:00:00-07,707f7886-a789-866e-d143-9659a90cbe33,36.0,CF
2015-07-26 00:00:00-07,1f4a8038-8aa7-68cf-c9de-37d475951df4,76.0,CF
2015-07-26 00:00:00-07,54786443-cf54-fd2e-5afe-6197b40e9dfc,131.0,CF
2015-07-26 00:00:00-07,c47c0316-2f05-dd9b-bdb4-d6f60f273c1d,7.0,CF
2015-07-26 00:00:00-07,935f45bb-4ce9-67d2-af82-3987150a2dc5,54.0,CF
2015-07-26 00:00:00-07,874d97fe-5ae9-7e4f-49fb-b8b64198daef,80.0,CF
2015-07-26 00:00:00-07,b9068de8-1b06-df10-e944-bfbdc848d07c,69.0,CF
2015-07-26 00:00:00-07,d30286ca-ca20-c5f5-8dc8-c9775f1c2aa5,35.0,CF
2015-07-26 00:00:00-07,8c5fd7aa-ca31-95dc-2b89-bba9baac2353,217.0,CF
2015-07-26 00:00:00-07,d4bec237-5660-8e90-4470-c570143089fd,373.0,CF
2015-07-26 00:00:00-07,4f30408a-160a-ee37-88b8-d98d81eabe38,138.0,CF
2015-07-26 00:00:00-07,9f9c8098-2073-e559-a9e4-71b6dc96d920,148.0,CF
2015-07-26 00:00:00-07,2319a0db-dbe4-f32e-1fd0-d45d55673c1e,262.0,CF
2015-07-26 00:00:00-07,8b81d052-45e5-b818-8116-d8add4876c9f,125.0,CF
2015-07-26 00:00:00-07,657fe6c2-522c-38c9-38a8-20c29b4ffeb2,125.0,CF
2015-07-26 00:00:00-07,cb23053a-3e73-6d0a-5a33-d92412a29fa6,76.0,CF
2015-07-26 00:00:00-07,8e2cd55c-31fe-2b58-09d0-78215ace0126,151.0,CF
2015-07-26 00:00:00-07,cad055a5-845f-138c-4f74-52577585d4d0,25.0,CF
2015-07-26 00:00:00-07,7c332956-dbe9-fc36-2e39-e7b33f7ebe02,315.0,CF
2015-07-26 00:00:00-07,5e8d49f8-2e2b-7117-b230-eb85805cd986,90.0,CF
2015-07-26 00:00:00-07,909ba632-9e36-bcb1-4920-f82ffe295326,74.0,CF
2015-07-26 00:00:00-07,45cf045a-b61e-aaf9-f6b1-f896794c8a84,167.0,CF
2015-07-26 00:00:00-07,66b5758c-b42c-65b6-6b27-929a0c548fb5,48.0,CF
2015-07-26 00:00:00-07,54f962a1-bd97-593d-b502-2079c72d922b,0,CF
2015-07-26 00:00:00-07,f21b6cf3-af2e-7790-56d1-a66176c3ddad,274.0,CF
2015-07-26 00:00:00-07,7f61027d-236f-f327-0d12-b67547f01704,0,CF
2015-07-26 00:00:00-07,a42591bd-ebdb-058c-0c98-8d9affbdc014,115.0,CF
2015-07-26 00:00:00-07,19b7abd7-62e9-a02e-245e-560262278c6c,90.0,CF
2015-07-26 00:00:00-07,b0b9e8b4-66d5-cb79-e2c4-9644f28383fb,115.0,CF
2015-07-26 00:00:00-07,c637f06d-ad19-ccca-e5b1-fa1a6c99d488,113.0,CF
2015-07-26 00:00:00-07,b35fdd4a-fcb2-dc51-0a04-d5f7975b9053,183.0,CF
2015-07-26 00:00:00-07,f4e05ea1-6b80-b861-91ae-4afce72d375d,58.0,CF
2015-07-26 00:00:00-07,817f8a96-47ad-c9cc-ab39-b9962c0334d0,272.0,CF
2015-07-26 00:00:00-07,214f6170-741c-ea91-e47d-9f49d41a32fc,872.0,CF
2015-07-26 00:00:00-07,cfbb834e-c9c0-71f4-2d15-39f9d1460ce3,273.0,CF
2015-07-26 00:00:00-07,3d7fceca-81d8-2006-1c74-6989d4f5eb6e,36.0,CF
2015-08-02 00:00:00-07,f0c8bb5a-a1da-1b58-f2fa-41a1dbdc2e07,42.0,CF
2015-08-02 00:00:00-07,5e8d49f8-2e2b-7117-b230-eb85805cd986,42.0,CF
2015-08-02 00:00:00-07,8c5fd7aa-ca31-95dc-2b89-bba9baac2353,35.0,CF
2015-08-02 00:00:00-07,b9068de8-1b06-df10-e944-bfbdc848d07c,26.0,CF
2015-08-02 00:00:00-07,3b9e9f49-ec2c-5c13-9b63-42b6f058591f,5.0,CF
2015-08-02 00:00:00-07,f21b6cf3-af2e-7790-56d1-a66176c3ddad,77.0,CF
2015-08-02 00:00:00-07,8b81d052-45e5-b818-8116-d8add4876c9f,16.0,CF
2015-08-02 00:00:00-07,19b7abd7-62e9-a02e-245e-560262278c6c,24.0,CF
2015-08-02 00:00:00-07,2319a0db-dbe4-f32e-1fd0-d45d55673c1e,76.0,CF
2015-08-02 00:00:00-07,9f9c8098-2073-e559-a9e4-71b6dc96d920,40.0,CF
2015-08-02 00:00:00-07,d4bec237-5660-8e90-4470-c570143089fd,215.0,CF
2015-08-02 00:00:00-07,b0b9e8b4-66d5-cb79-e2c4-9644f28383fb,30.0,CF
2015-08-02 00:00:00-07,66b5758c-b42c-65b6-6b27-929a0c548fb5,11.0,CF
2015-08-02 00:00:00-07,a39ab89f-ba20-a7e3-3d97-9a8e545067cd,148.0,CF
2015-08-02 00:00:00-07,b35fdd4a-fcb2-dc51-0a04-d5f7975b9053,44.0,CF
2015-08-02 00:00:00-07,8b18bb02-2280-8036-a928-c38eb6d12726,65.0,CF
2015-08-02 00:00:00-07,c637f06d-ad19-ccca-e5b1-fa1a6c99d488,15.0,CF
2015-08-02 00:00:00-07,f4e05ea1-6b80-b861-91ae-4afce72d375d,24.0,CF
2015-08-02 00:00:00-07,bad47382-3c21-92b1-870e-02e121261ec9,23.0,CF
2015-08-02 00:00:00-07,eee8ff3a-5c69-8755-0b12-2404f6491b50,12.0,CF
2015-08-02 00:00:00-07,d8712e5a-c99c-9c88-8d89-5ad87f1b3ae5,38.0,CF
2015-08-02 00:00:00-07,c47c0316-2f05-dd9b-bdb4-d6f60f273c1d,0.0,CF
2015-08-02 00:00:00-07,cb23053a-3e73-6d0a-5a33-d92412a29fa6,21.0,CF
2015-08-02 00:00:00-07,9e401ff6-4975-09f1-3117-4b5f899d1597,26.0,CF
2015-08-02 00:00:00-07,8e2cd55c-31fe-2b58-09d0-78215ace0126,20.0,CF
2015-08-02 00:00:00-07,707f7886-a789-866e-d143-9659a90cbe33,12.0,CF
2015-08-02 00:00:00-07,3d7fceca-81d8-2006-1c74-6989d4f5eb6e,7.0,CF
2015-08-02 00:00:00-07,4f30408a-160a-ee37-88b8-d98d81eabe38,55.0,CF
2015-08-02 00:00:00-07,cad055a5-845f-138c-4f74-52577585d4d0,5.0,CF
2015-08-02 00:00:00-07,11ad957a-5564-1459-5078-cbd629a4bfb6,23.0,CF
2015-08-02 00:00:00-07,e4c70ff3-a2b5-9fcc-a7fc-aa2fc8a35ee9,45.0,CF
2015-08-02 00:00:00-07,d30286ca-ca20-c5f5-8dc8-c9775f1c2aa5,8.0,CF
2015-08-02 00:00:00-07,54786443-cf54-fd2e-5afe-6197b40e9dfc,20.0,CF
2015-08-02 00:00:00-07,874d97fe-5ae9-7e4f-49fb-b8b64198daef,10.0,CF
2015-08-02 00:00:00-07,abc3fccd-dcd3-ed7c-11e9-6ec740696fc9,0.0,CF
2015-08-02 00:00:00-07,657fe6c2-522c-38c9-38a8-20c29b4ffeb2,6.0,CF
2015-08-02 00:00:00-07,18e033a2-b58b-46b2-fa4f-b87dfffc6c46,32.0,CF
2015-08-02 00:00:00-07,079b6bbd-e1c5-6901-6ba2-b865ffc8ef18,56.0,CF
2015-08-02 00:00:00-07,15eb836a-2c0b-60d6-9720-f009cf89a3a1,73.0,CF
2015-08-02 00:00:00-07,7870327a-ed02-c123-5763-1aec7b86a124,28.0,CF
2015-08-02 00:00:00-07,9e8007f6-0798-9125-9361-019677794383,10.0,CF
2015-08-02 00:00:00-07,7f61027d-236f-f327-0d12-b67547f01704,0,CF
2015-08-02 00:00:00-07,817f8a96-47ad-c9cc-ab39-b9962c0334d0,11.0,CF
2015-08-02 00:00:00-07,a42591bd-ebdb-058c-0c98-8d9affbdc014,7.0,CF
2015-08-02 00:00:00-07,9b6a026f-ddeb-81be-5777-39a41823d602,18.0,CF
2015-08-02 00:00:00-07,214f6170-741c-ea91-e47d-9f49d41a32fc,267.0,CF
2015-08-02 00:00:00-07,1f4a8038-8aa7-68cf-c9de-37d475951df4,16.0,CF
2015-08-02 00:00:00-07,4d5a7721-8359-bc5a-cb89-e15bf4c7463a,40.0,CF
2015-08-02 00:00:00-07,909ba632-9e36-bcb1-4920-f82ffe295326,28.0,CF
2015-08-02 00:00:00-07,45cf045a-b61e-aaf9-f6b1-f896794c8a84,67.0,CF
2015-08-02 00:00:00-07,7c332956-dbe9-fc36-2e39-e7b33f7ebe02,61.0,CF
2015-08-02 00:00:00-07,54f962a1-bd97-593d-b502-2079c72d922b,0,CF
2015-08-02 00:00:00-07,cfbb834e-c9c0-71f4-2d15-39f9d1460ce3,41.0,CF
2015-08-02 00:00:00-07,935f45bb-4ce9-67d2-af82-3987150a2dc5,21.0,CF
